{"average": 0.4538630247116089, "insertBulkBatch": [0.570228099822998, 0.4254121780395508, 0.8143579959869385, 0.6525449752807617, 0.3887979984283447, 0.4484889507293701, 0.45470190048217773, 0.49109411239624023, 0.38997793197631836, 0.3976600170135498, 0.40525102615356445, 0.3587791919708252, 0.37636423110961914, 0.4068470001220703, 0.39205503463745117, 0.39745211601257324, 0.39679694175720215, 0.44030094146728516, 0.4536738395690918, 0.4164760112762451], "dataset": "dataset/e3-5MB.json"}
{"average": 0.0015311121940612793, "scanAll": [0.0014100074768066406, 0.0019359588623046875, 0.0014729499816894531, 0.0015590190887451172, 0.0015180110931396484, 0.0016100406646728516, 0.0014719963073730469, 0.0016069412231445312, 0.0015790462493896484, 0.0015451908111572266, 0.0014247894287109375, 0.0015208721160888672, 0.0015530586242675781, 0.001413106918334961, 0.0013689994812011719, 0.001705169677734375, 0.0014472007751464844, 0.0013458728790283203, 0.0014989376068115234, 0.0016350746154785156], "dataset": "dataset/e3-5MB.json"}
{"average": 4.691945564746857, "insertBulkBatch": [4.18328595161438, 4.610675811767578, 4.38027286529541, 4.57811975479126, 4.71243691444397, 4.930772304534912, 4.976820945739746, 5.594950914382935, 4.803746700286865, 4.76746392250061, 4.732563018798828, 3.8309319019317627, 5.081809043884277, 4.045306205749512, 4.403625011444092, 4.256683826446533, 4.127623796463013, 5.572824954986572, 4.614526271820068, 5.63447117805481], "dataset": "dataset/e3-50MB.json"}
{"average": 0.002891719341278076, "scanAll": [0.0021390914916992188, 0.0022351741790771484, 0.002226114273071289, 0.0028710365295410156, 0.007292985916137695, 0.002782106399536133, 0.002856016159057617, 0.0024650096893310547, 0.003000020980834961, 0.0029430389404296875, 0.0031430721282958984, 0.0031290054321289062, 0.003020048141479492, 0.002613067626953125, 0.0018718242645263672, 0.002569913864135742, 0.0023529529571533203, 0.0025229454040527344, 0.0028228759765625, 0.002978086471557617], "dataset": "dataset/e3-50MB.json"}
{"average": 9.727242302894592, "insertBulkBatch": [9.0933198928833, 9.112261772155762, 10.783501386642456, 9.458263158798218, 9.06664490699768, 9.898213624954224, 9.804723024368286, 9.451527833938599, 9.24235486984253, 9.832375526428223, 11.015627145767212, 9.68399953842163, 9.942261934280396, 9.570665121078491, 9.907238721847534, 10.094396352767944, 9.807622194290161, 9.544912099838257, 9.943663358688354, 9.291273593902588], "dataset": "dataset/e3-100MB.json"}
{"average": 0.003296077251434326, "scanAll": [0.002791881561279297, 0.0029001235961914062, 0.0038259029388427734, 0.0032110214233398438, 0.0027799606323242188, 0.0038750171661376953, 0.003983974456787109, 0.0033559799194335938, 0.0034029483795166016, 0.0031790733337402344, 0.0029528141021728516, 0.003895998001098633, 0.002735137939453125, 0.0036509037017822266, 0.003659963607788086, 0.0040740966796875, 0.0029370784759521484, 0.0030829906463623047, 0.0029518604278564453, 0.0026748180389404297], "dataset": "dataset/e3-100MB.json"}
{"average": 46.7695815205574, "insertBulkBatch": [26.106218099594116, 47.263373613357544, 47.3419771194458, 45.99052810668945, 47.49737286567688, 48.646719455718994, 47.247575998306274, 47.993011236190796, 48.73737406730652, 48.76431894302368, 47.554747581481934, 46.46011137962341, 48.94520092010498, 48.51887273788452, 49.78800988197327, 48.295843839645386, 47.295501947402954, 46.40168833732605, 48.75091791152954, 47.79226636886597], "dataset": "dataset/e3-500MB.json"}
{"average": 0.006916642189025879, "scanAll": [0.007925033569335938, 0.0063860416412353516, 0.0060961246490478516, 0.00663304328918457, 0.006752967834472656, 0.006443977355957031, 0.007230043411254883, 0.006340980529785156, 0.0063741207122802734, 0.011358976364135742, 0.006378889083862305, 0.010680913925170898, 0.006479978561401367, 0.00651097297668457, 0.006289958953857422, 0.006272077560424805, 0.00669407844543457, 0.005708932876586914, 0.0056688785552978516, 0.006106853485107422], "dataset": "dataset/e3-500MB.json"}
{"average": 0.3720334768295288, "insertBulkBatch": [0.49199414253234863, 0.39794015884399414, 0.3888728618621826, 0.3902740478515625, 0.39763593673706055, 0.3850100040435791, 0.41120100021362305, 0.3327600955963135, 0.3409910202026367, 0.3368661403656006, 0.33849310874938965, 0.36655402183532715, 0.35207390785217285, 0.3844759464263916, 0.34628891944885254, 0.35779309272766113, 0.35718703269958496, 0.34952402114868164, 0.35772705078125, 0.3570070266723633], "dataset": "dataset/e3-5MB.json"}
{"average": 0.0018483519554138184, "scanAll": [0.0024061203002929688, 0.0020389556884765625, 0.001661062240600586, 0.0018150806427001953, 0.0019500255584716797, 0.0021219253540039062, 0.0013899803161621094, 0.0019121170043945312, 0.0026350021362304688, 0.0017049312591552734, 0.0016641616821289062, 0.0018749237060546875, 0.0015919208526611328, 0.0021529197692871094, 0.0017609596252441406, 0.0016949176788330078, 0.0017521381378173828, 0.0016369819641113281, 0.0014939308166503906, 0.001708984375], "dataset": "dataset/e3-5MB.json"}
